timestamp,PKW,LKW,Buses,Total
2023-01-01 00:00:00,,,,
2023-01-01 01:00:00,1.0,26.0,2.0,44.0
2023-01-01 02:00:00,0.0,97.0,3.0,85.0
2023-01-01 03:00:00,1.0,85.0,5.0,75.0
2023-01-01 04:00:00,0.0,41.0,2.0,63.0
2023-01-01 05:00:00,0.0,27.0,0.0,65.0
2023-01-01 06:00:00,0.0,19.0,0.0,81.0
2023-01-01 07:00:00,1.0,26.0,1.0,54.0
2023-01-01 08:00:00,0.0,31.0,0.0,72.0
2023-01-01 09:00:00,2.0,59.0,1.0,87.0
2023-01-01 10:00:00,2.0,144.0,15.0,143.0
2023-01-01 11:00:00,3.0,366.0,63.0,289.0
2023-01-01 12:00:00,13.0,812.0,261.0,506.0
2023-01-01 13:00:00,54.0,1139.0,514.0,676.0
2023-01-01 14:00:00,111.0,1228.0,595.0,745.0
2023-01-01 15:00:00,176.0,1214.0,626.0,834.0
2023-01-01 16:00:00,198.0,1111.0,546.0,828.0
2023-01-01 17:00:00,248.0,943.0,452.0,760.0
2023-01-01 18:00:00,195.0,941.0,370.0,726.0
2023-01-01 19:00:00,132.0,689.0,221.0,659.0
2023-01-01 20:00:00,88.0,538.0,138.0,558.0
2023-01-01 21:00:00,35.0,452.0,113.0,470.0
2023-01-01 22:00:00,18.0,306.0,63.0,345.0
2023-01-01 23:00:00,7.0,310.0,64.0,276.0
2023-01-02 00:00:00,4.0,263.0,44.0,213.0
2023-01-02 01:00:00,3.0,213.0,41.0,138.0
2023-01-02 02:00:00,1.0,166.0,23.0,110.0
2023-01-02 03:00:00,7.0,143.0,19.0,129.0
2023-01-02 04:00:00,5.0,132.0,12.0,124.0
2023-01-02 05:00:00,5.0,160.0,13.0,187.0
2023-01-02 06:00:00,18.0,253.0,48.0,263.0
2023-01-02 07:00:00,31.0,368.0,89.0,349.0
2023-01-02 08:00:00,48.0,489.0,138.0,396.0
2023-01-02 09:00:00,42.0,584.0,224.0,411.0
2023-01-02 10:00:00,46.0,792.0,454.0,469.0
2023-01-02 11:00:00,91.0,997.0,764.0,517.0
2023-01-02 12:00:00,84.11111111111111,971.1111111111111,749.7777777777778,500.55555555555554
2023-01-02 13:00:00,77.22222222222223,945.2222222222222,735.5555555555555,484.1111111111111
2023-01-02 14:00:00,70.33333333333333,919.3333333333334,721.3333333333334,467.6666666666667
2023-01-02 15:00:00,63.44444444444444,893.4444444444445,707.1111111111111,451.22222222222223
2023-01-02 16:00:00,56.55555555555556,867.5555555555555,692.8888888888889,434.77777777777777
2023-01-02 17:00:00,49.666666666666664,841.6666666666666,678.6666666666666,418.33333333333337
2023-01-02 18:00:00,42.77777777777777,815.7777777777778,664.4444444444445,401.8888888888889
2023-01-02 19:00:00,35.888888888888886,789.8888888888889,650.2222222222222,385.44444444444446
2023-01-02 20:00:00,29.0,764.0,636.0,369.0
2023-01-02 21:00:00,25.0,638.0,324.0,219.0
2023-01-02 22:00:00,85.0,479.0,215.0,303.0
2023-01-02 23:00:00,54.0,416.0,129.0,305.0
2023-01-03 00:00:00,6.0,370.0,123.0,192.0
2023-01-03 01:00:00,11.0,313.0,83.0,184.0
2023-01-03 02:00:00,16.0,225.0,54.0,210.0
2023-01-03 03:00:00,22.0,171.0,27.0,221.0
2023-01-03 04:00:00,23.0,176.0,33.0,235.0
2023-01-03 05:00:00,15.0,201.0,38.0,244.0
2023-01-03 06:00:00,50.0,272.0,76.0,312.0
2023-01-03 07:00:00,97.0,373.0,143.0,382.0
2023-01-03 08:00:00,104.0,476.0,221.0,403.0
2023-01-03 09:00:00,106.0,549.0,343.0,430.0
2023-01-03 10:00:00,80.0,672.0,429.0,437.0
2023-01-03 11:00:00,111.0,789.0,538.0,486.0
2023-01-03 12:00:00,121.0,871.0,720.0,525.0
2023-01-03 13:00:00,158.0,875.0,684.0,519.0
2023-01-03 14:00:00,150.0,887.0,710.0,527.0
2023-01-03 15:00:00,153.0,947.0,738.0,521.0
2023-01-03 16:00:00,192.0,864.0,795.0,527.0
2023-01-03 17:00:00,186.0,870.0,710.0,492.0
2023-01-03 18:00:00,120.0,751.0,518.0,435.0
2023-01-03 19:00:00,95.0,730.0,537.0,388.0
2023-01-03 20:00:00,63.0,580.0,294.0,339.0
2023-01-03 21:00:00,44.0,481.0,161.0,289.0
2023-01-03 22:00:00,26.0,378.0,116.0,290.0
2023-01-03 23:00:00,29.0,303.0,71.0,247.0
2023-01-04 00:00:00,17.0,231.0,54.0,251.0
2023-01-04 01:00:00,14.0,202.0,34.0,202.0
2023-01-04 02:00:00,29.0,141.0,30.0,253.0
2023-01-04 03:00:00,34.0,110.0,10.0,253.0
2023-01-04 04:00:00,17.0,111.0,8.0,240.0
2023-01-04 05:00:00,31.0,130.0,17.0,306.0
2023-01-04 06:00:00,61.75,224.5,74.25,344.5
2023-01-04 07:00:00,92.5,319.0,131.5,383.0
2023-01-04 08:00:00,123.25,413.5,188.75,421.5
2023-01-04 09:00:00,154.0,508.0,246.0,460.0
2023-01-04 10:00:00,199.0,558.0,222.0,469.0
2023-01-04 11:00:00,199.0,691.0,365.0,483.0
2023-01-04 12:00:00,211.0,756.0,421.0,487.0
2023-01-04 13:00:00,197.0,791.0,480.0,484.0
2023-01-04 14:00:00,197.0,604.0,224.0,462.0
2023-01-04 15:00:00,250.0,654.0,248.0,517.0
2023-01-04 16:00:00,229.0,881.0,735.0,506.0
2023-01-04 17:00:00,248.0,854.0,824.0,509.0
2023-01-04 18:00:00,214.0,657.0,389.0,452.0
2023-01-04 19:00:00,131.0,490.0,224.0,448.0
2023-01-04 20:00:00,92.0,436.0,177.0,389.0
2023-01-04 21:00:00,44.0,335.0,92.0,350.0
2023-01-04 22:00:00,31.0,278.0,69.0,288.0
2023-01-04 23:00:00,29.0,256.0,54.0,245.0
2023-01-05 00:00:00,19.0,186.0,40.0,209.0
2023-01-05 01:00:00,16.0,139.0,30.0,221.0
2023-01-05 02:00:00,28.0,115.0,16.0,254.0
2023-01-05 03:00:00,29.0,86.0,8.0,284.0
2023-01-05 04:00:00,39.0,72.0,5.0,262.0
2023-01-05 05:00:00,49.0,101.0,4.0,335.0
2023-01-05 06:00:00,97.0,150.0,23.0,395.0
2023-01-05 07:00:00,201.0,285.0,83.0,463.0
2023-01-05 08:00:00,280.0,359.0,110.0,505.0
2023-01-05 09:00:00,224.0,457.0,170.0,503.0
2023-01-05 10:00:00,254.0,558.0,211.0,487.0
2023-01-05 11:00:00,261.0,620.0,305.0,487.0
2023-01-05 12:00:00,234.0,735.0,339.0,486.0
2023-01-05 13:00:00,209.0,757.0,363.0,527.0
2023-01-05 14:00:00,210.0,762.0,404.0,548.0
2023-01-05 15:00:00,235.0,769.0,426.0,505.0
2023-01-05 16:00:00,269.0,817.0,466.0,539.0
2023-01-05 17:00:00,305.0,772.0,476.0,490.0
2023-01-05 18:00:00,296.0,695.0,382.0,490.0
2023-01-05 19:00:00,211.0,540.0,241.0,462.0
2023-01-05 20:00:00,139.0,471.0,211.0,414.0
2023-01-05 21:00:00,110.0,358.0,113.0,355.0
2023-01-05 22:00:00,46.0,295.0,63.0,316.0
2023-01-05 23:00:00,14.0,240.0,50.0,232.0
2023-01-06 00:00:00,33.0,182.0,34.0,248.0
2023-01-06 01:00:00,16.0,146.0,16.0,219.0
2023-01-06 02:00:00,22.0,123.0,13.0,237.0
2023-01-06 03:00:00,48.0,97.0,10.0,287.0
2023-01-06 04:00:00,28.0,88.0,8.0,290.0
2023-01-06 05:00:00,44.0,86.0,13.0,339.0
2023-01-06 06:00:00,92.0,119.0,13.0,409.0
2023-01-06 07:00:00,188.0,229.0,38.0,475.0
2023-01-06 08:00:00,251.0,341.0,78.0,467.0
2023-01-06 09:00:00,164.0,466.0,201.0,480.0
2023-01-06 10:00:00,265.0,662.0,412.0,487.0
2023-01-06 11:00:00,291.0,787.0,526.0,530.0
2023-01-06 12:00:00,253.0,837.0,510.0,541.0
2023-01-06 13:00:00,261.0,918.0,606.0,568.0
2023-01-06 14:00:00,373.0,962.0,685.0,541.0
2023-01-06 15:00:00,312.0,991.0,734.0,486.0
2023-01-06 16:00:00,333.0,972.0,681.0,538.0
2023-01-06 17:00:00,343.0,867.0,640.0,493.0
2023-01-06 18:00:00,269.0,805.0,428.0,498.0
2023-01-06 19:00:00,231.0,612.0,292.0,442.0
2023-01-06 20:00:00,137.0,501.0,196.0,422.0
2023-01-06 21:00:00,89.0,464.0,145.0,389.0
2023-01-06 22:00:00,51.0,319.0,74.0,345.0
2023-01-06 23:00:00,30.0,227.0,35.0,322.0
2023-01-07 00:00:00,36.0,227.0,40.0,303.0
2023-01-07 01:00:00,38.0,157.0,19.0,263.0
2023-01-07 02:00:00,27.0,136.0,18.0,250.0
2023-01-07 03:00:00,32.0,116.0,7.0,268.0
2023-01-07 04:00:00,26.0,109.0,7.0,246.0
2023-01-07 05:00:00,33.0,105.0,8.0,283.0
2023-01-07 06:00:00,42.0,111.0,10.0,331.0
2023-01-07 07:00:00,47.0,179.0,20.0,311.0
2023-01-07 08:00:00,45.0,293.0,59.0,366.0
2023-01-07 09:00:00,96.0,404.0,94.0,409.0
2023-01-07 10:00:00,146.0,578.0,207.0,489.0
2023-01-07 11:00:00,122.0,861.0,370.0,510.0
2023-01-07 12:00:00,154.0,955.0,510.0,527.0
2023-01-07 13:00:00,131.0,1017.0,570.0,524.0
2023-01-07 14:00:00,135.0,1008.0,584.0,541.0
2023-01-07 15:00:00,110.0,1100.0,694.0,545.0
2023-01-07 16:00:00,98.0,852.0,504.0,480.0
2023-01-07 17:00:00,89.0,966.0,614.0,453.0
2023-01-07 18:00:00,90.0,834.0,435.0,431.0
2023-01-07 19:00:00,63.0,771.0,380.0,385.0
2023-01-07 20:00:00,36.0,665.0,279.0,340.0
2023-01-07 21:00:00,31.0,566.0,194.0,295.0
2023-01-07 22:00:00,12.0,463.0,139.0,263.0
2023-01-07 23:00:00,10.0,366.0,83.0,250.0
2023-01-08 00:00:00,4.0,305.0,58.0,185.0
2023-01-08 01:00:00,6.0,234.0,37.0,159.0
2023-01-08 02:00:00,2.0,187.0,20.0,110.0
2023-01-08 03:00:00,3.0,201.0,24.0,132.0
2023-01-08 04:00:00,1.0,202.0,17.0,95.0
2023-01-08 05:00:00,1.0,201.0,25.0,92.0
2023-01-08 06:00:00,0.0,153.0,12.0,99.0
2023-01-08 07:00:00,1.0,193.0,18.0,117.0
2023-01-08 08:00:00,3.0,245.0,25.0,148.0
2023-01-08 09:00:00,3.0,453.0,96.0,232.0
2023-01-08 10:00:00,4.0,683.0,218.0,327.0
2023-01-08 11:00:00,14.0,1129.0,607.0,401.0
2023-01-08 12:00:00,33.0,1292.0,912.0,508.0
2023-01-08 13:00:00,36.857142857142854,1268.7142857142858,899.0,517.0
2023-01-08 14:00:00,40.714285714285715,1245.4285714285713,886.0,526.0
2023-01-08 15:00:00,44.57142857142857,1222.142857142857,873.0,535.0
2023-01-08 16:00:00,48.42857142857143,1198.857142857143,860.0,544.0
2023-01-08 17:00:00,52.285714285714285,1175.5714285714287,847.0,553.0
2023-01-08 18:00:00,56.14285714285714,1152.2857142857142,834.0,562.0
2023-01-08 19:00:00,60.0,1129.0,821.0,571.0
2023-01-08 20:00:00,65.0,933.0,573.0,509.0
2023-01-08 21:00:00,37.0,658.0,295.0,434.0
2023-01-08 22:00:00,14.0,535.0,208.0,346.0
2023-01-08 23:00:00,11.0,412.0,174.0,270.0
2023-01-09 00:00:00,7.0,411.0,142.0,197.0
2023-01-09 01:00:00,7.0,323.0,107.0,155.0
2023-01-09 02:00:00,2.0,256.0,63.0,116.0
2023-01-09 03:00:00,3.0,192.0,42.0,140.0
2023-01-09 04:00:00,11.0,214.0,37.0,189.0
2023-01-09 05:00:00,27.0,265.0,67.0,237.0
2023-01-09 06:00:00,68.0,375.0,161.0,340.0
2023-01-09 07:00:00,151.0,521.0,240.0,408.0
2023-01-09 08:00:00,213.0,608.0,338.0,477.0
2023-01-09 09:00:00,122.0,658.0,422.0,471.0
2023-01-09 10:00:00,106.0,615.0,320.0,499.0
2023-01-09 11:00:00,78.0,522.0,260.0,444.0
2023-01-09 12:00:00,93.0,719.0,596.0,499.0
2023-01-09 13:00:00,74.0,742.0,487.0,504.0
2023-01-09 14:00:00,76.0,700.0,532.0,513.0
2023-01-09 15:00:00,73.0,829.0,655.0,475.0
2023-01-09 16:00:00,114.0,788.0,658.0,431.0
2023-01-09 17:00:00,98.0,781.0,650.0,464.0
2023-01-09 18:00:00,104.0,672.0,471.0,417.0
2023-01-09 19:00:00,81.0,552.0,358.0,367.0
2023-01-09 20:00:00,36.0,468.0,246.0,329.0
2023-01-09 21:00:00,37.0,376.0,167.0,323.0
2023-01-09 22:00:00,22.0,303.0,91.0,243.0
2023-01-09 23:00:00,23.0,237.0,66.0,224.0
2023-01-10 00:00:00,45.0,178.0,51.0,180.0
2023-01-10 01:00:00,19.0,153.0,20.0,239.0
2023-01-10 02:00:00,31.0,125.0,15.0,241.0
2023-01-10 03:00:00,27.0,106.0,14.0,271.0
2023-01-10 04:00:00,30.0,119.0,17.0,266.0
2023-01-10 05:00:00,37.0,138.0,24.0,341.0
2023-01-10 06:00:00,105.0,244.0,68.0,386.0
2023-01-10 07:00:00,189.0,436.0,223.0,474.0
2023-01-10 08:00:00,251.0,514.0,319.0,512.0
2023-01-10 09:00:00,230.0,615.0,434.0,513.0
2023-01-10 10:00:00,189.0,594.0,342.0,504.0
2023-01-10 11:00:00,135.0,566.0,379.0,465.0
2023-01-10 12:00:00,136.0,628.0,364.0,470.0
2023-01-10 13:00:00,145.0,599.0,373.0,495.0
2023-01-10 14:00:00,145.0,672.0,474.0,485.0
2023-01-10 15:00:00,168.0,731.0,486.0,500.0
2023-01-10 16:00:00,213.0,718.0,526.0,500.0
2023-01-10 17:00:00,255.0,687.0,512.0,507.0
2023-01-10 18:00:00,251.0,603.0,417.0,462.0
2023-01-10 19:00:00,162.0,489.0,249.0,458.0
2023-01-10 20:00:00,72.0,411.0,173.0,377.0
2023-01-10 21:00:00,57.0,305.0,102.0,313.0
2023-01-10 22:00:00,30.0,258.0,82.0,274.0
2023-01-10 23:00:00,27.0,213.0,53.0,264.0
2023-01-11 00:00:00,33.0,185.0,37.0,234.0
2023-01-11 01:00:00,12.0,129.0,17.0,211.0
2023-01-11 02:00:00,28.0,106.0,11.0,273.0
2023-01-11 03:00:00,37.0,100.0,13.0,256.0
2023-01-11 04:00:00,43.0,79.0,7.0,300.0
2023-01-11 05:00:00,71.0,114.0,24.0,378.0
2023-01-11 06:00:00,121.0,203.0,60.0,471.0
2023-01-11 07:00:00,296.0,350.0,157.0,552.0
2023-01-11 08:00:00,369.0,473.0,246.0,565.0
2023-01-11 09:00:00,293.0,571.0,347.0,560.0
2023-01-11 10:00:00,243.0,553.0,264.0,526.0
2023-01-11 11:00:00,200.0,606.0,327.0,504.0
2023-01-11 12:00:00,223.0,552.0,307.0,537.0
2023-01-11 13:00:00,248.0,629.0,328.0,530.0
2023-01-11 14:00:00,262.0,649.0,348.0,542.0
2023-01-11 15:00:00,230.0,689.0,447.0,541.0
2023-01-11 16:00:00,282.0,711.0,480.0,526.0
2023-01-11 17:00:00,348.0,733.0,491.0,525.0
2023-01-11 18:00:00,373.0,577.0,348.0,528.0
2023-01-11 19:00:00,240.0,448.0,224.0,521.0
2023-01-11 20:00:00,126.0,378.0,165.0,417.0
2023-01-11 21:00:00,110.0,294.0,92.0,369.0
2023-01-11 22:00:00,79.0,236.0,57.0,357.0
2023-01-11 23:00:00,30.0,208.0,41.0,282.0
2023-01-12 00:00:00,29.0,136.0,27.0,263.0
2023-01-12 01:00:00,24.0,106.0,9.0,242.0
2023-01-12 02:00:00,31.0,70.0,10.0,281.0
2023-01-12 03:00:00,53.0,61.0,8.0,303.0
2023-01-12 04:00:00,55.0,58.0,4.0,320.0
2023-01-12 05:00:00,81.0,92.0,11.0,426.0
2023-01-12 06:00:00,167.0,173.0,37.0,508.0
2023-01-12 07:00:00,344.0,333.0,112.0,600.0
2023-01-12 08:00:00,449.0,480.0,217.0,606.0
2023-01-12 09:00:00,346.0,533.0,326.0,635.0
2023-01-12 10:00:00,247.0,582.0,288.0,608.0
2023-01-12 11:00:00,223.0,550.0,276.0,573.0
2023-01-12 12:00:00,249.0,559.0,252.0,521.0
2023-01-12 13:00:00,399.0,597.0,295.0,620.0
2023-01-12 14:00:00,366.0,624.0,328.0,624.0
2023-01-12 15:00:00,303.0,687.0,385.0,552.0
2023-01-12 16:00:00,391.0,745.0,443.0,594.0
2023-01-12 17:00:00,507.0,695.0,449.0,583.0
2023-01-12 18:00:00,458.0,630.0,363.0,568.0
2023-01-12 19:00:00,359.0,455.0,259.0,542.0
2023-01-12 20:00:00,254.0,385.0,188.0,485.0
2023-01-12 21:00:00,138.0,303.0,85.0,422.0
2023-01-12 22:00:00,95.0,214.0,44.0,367.0
2023-01-12 23:00:00,53.0,153.0,34.0,330.0
2023-01-13 00:00:00,26.0,141.0,20.0,266.0
2023-01-13 01:00:00,30.0,111.0,14.0,268.0
2023-01-13 02:00:00,51.0,63.0,4.0,264.0
2023-01-13 03:00:00,44.0,45.0,3.0,339.0
2023-01-13 04:00:00,75.0,76.0,11.0,390.0
2023-01-13 05:00:00,96.0,83.0,12.0,455.0
2023-01-13 06:00:00,245.0,142.0,31.0,531.0
2023-01-13 07:00:00,371.0,253.0,57.0,597.0
2023-01-13 08:00:00,434.0,408.0,126.0,605.0
2023-01-13 09:00:00,322.0,453.0,174.0,616.0
2023-01-13 10:00:00,313.0,548.0,205.0,589.0
2023-01-13 11:00:00,300.0,606.0,236.0,607.0
2023-01-13 12:00:00,281.0,631.0,329.0,574.0
2023-01-13 13:00:00,417.0,728.0,370.0,619.0
2023-01-13 14:00:00,476.0,794.0,444.0,604.0
2023-01-13 15:00:00,500.0,784.0,432.0,620.0
2023-01-13 16:00:00,552.0,793.0,441.0,606.0
2023-01-13 17:00:00,556.0,714.0,438.0,559.0
2023-01-13 18:00:00,507.0,643.0,298.0,556.0
2023-01-13 19:00:00,417.0,480.0,201.0,550.0
2023-01-13 20:00:00,253.0,360.0,132.0,470.0
2023-01-13 21:00:00,190.0,270.0,71.0,455.0
2023-01-13 22:00:00,102.0,204.0,36.0,410.0
2023-01-13 23:00:00,75.0,166.0,28.0,370.0
2023-01-14 00:00:00,56.0,159.0,29.0,343.0
2023-01-14 01:00:00,31.0,112.0,17.0,286.0
2023-01-14 02:00:00,47.0,71.0,8.0,314.0
2023-01-14 03:00:00,43.0,67.0,5.0,326.0
2023-01-14 04:00:00,62.0,72.0,4.0,350.0
2023-01-14 05:00:00,52.0,77.0,10.0,365.0
2023-01-14 06:00:00,72.0,112.0,4.0,387.0
2023-01-14 07:00:00,97.0,180.0,31.0,427.0
2023-01-14 08:00:00,139.0,262.0,51.0,434.0
2023-01-14 09:00:00,139.0,408.0,145.0,488.0
2023-01-14 10:00:00,215.0,505.0,190.0,517.0
2023-01-14 11:00:00,282.0,656.0,303.0,533.0
2023-01-14 12:00:00,237.0,731.0,298.0,535.0
2023-01-14 13:00:00,221.0,690.0,254.0,526.0
2023-01-14 14:00:00,206.0,635.0,246.0,553.0
2023-01-14 15:00:00,158.0,619.0,263.0,524.0
2023-01-14 16:00:00,142.0,596.0,235.0,457.0
2023-01-14 17:00:00,124.0,549.0,212.0,447.0
2023-01-14 18:00:00,125.0,495.0,157.0,429.0
2023-01-14 19:00:00,90.0,417.0,124.0,394.0
2023-01-14 20:00:00,55.0,264.0,62.0,362.0
2023-01-14 21:00:00,32.0,176.0,27.0,303.0
2023-01-14 22:00:00,15.0,433.0,146.0,306.0
2023-01-14 23:00:00,13.0,231.0,31.0,227.0
2023-01-15 00:00:00,10.0,168.0,23.0,211.0
2023-01-15 01:00:00,3.0,95.0,11.0,148.0
2023-01-15 02:00:00,3.0,79.0,5.0,150.0
2023-01-15 03:00:00,5.0,74.0,6.0,129.0
2023-01-15 04:00:00,2.0,72.0,2.0,77.0
2023-01-15 05:00:00,2.0,64.0,3.0,77.0
2023-01-15 06:00:00,0.0,67.0,1.0,98.0
2023-01-15 07:00:00,0.0,90.0,8.0,119.0
2023-01-15 08:00:00,6.0,111.0,10.0,177.0
2023-01-15 09:00:00,5.0,206.0,17.0,276.0
2023-01-15 10:00:00,13.0,376.0,75.0,345.0
2023-01-15 11:00:00,17.0,581.0,162.0,476.0
2023-01-15 12:00:00,25.0,834.0,396.0,533.0
2023-01-15 13:00:00,41.0,928.0,457.0,601.0
2023-01-15 14:00:00,66.0,896.0,465.0,696.0
2023-01-15 15:00:00,99.0,916.0,462.0,708.0
2023-01-15 16:00:00,122.0,849.0,431.0,722.0
2023-01-15 17:00:00,161.0,830.0,418.0,673.0
2023-01-15 18:00:00,159.6875,821.5625,416.8125,662.8125
2023-01-15 19:00:00,158.375,813.125,415.625,652.625
2023-01-15 20:00:00,157.0625,804.6875,414.4375,642.4375
2023-01-15 21:00:00,155.75,796.25,413.25,632.25
2023-01-15 22:00:00,154.4375,787.8125,412.0625,622.0625
2023-01-15 23:00:00,153.125,779.375,410.875,611.875
2023-01-16 00:00:00,151.8125,770.9375,409.6875,601.6875
2023-01-16 01:00:00,150.5,762.5,408.5,591.5
2023-01-16 02:00:00,149.1875,754.0625,407.3125,581.3125
2023-01-16 03:00:00,147.875,745.625,406.125,571.125
2023-01-16 04:00:00,146.5625,737.1875,404.9375,560.9375
2023-01-16 05:00:00,145.25,728.75,403.75,550.75
2023-01-16 06:00:00,143.9375,720.3125,402.5625,540.5625
2023-01-16 07:00:00,142.625,711.875,401.375,530.375
2023-01-16 08:00:00,141.3125,703.4375,400.1875,520.1875
2023-01-16 09:00:00,140.0,695.0,399.0,510.0
2023-01-16 10:00:00,133.0,607.0,390.0,516.0
2023-01-16 11:00:00,88.0,632.0,401.0,506.0
2023-01-16 12:00:00,89.0,623.0,438.0,530.0
2023-01-16 13:00:00,106.0,612.0,414.0,560.0
2023-01-16 14:00:00,88.0,637.0,441.0,598.0
2023-01-16 15:00:00,146.0,680.0,493.0,501.0
2023-01-16 16:00:00,164.0,730.0,591.0,516.0
2023-01-16 17:00:00,156.0,727.0,578.0,491.0
2023-01-16 18:00:00,172.0,578.0,388.0,461.0
2023-01-16 19:00:00,107.0,486.0,264.0,430.0
2023-01-16 20:00:00,63.0,392.0,173.0,412.0
2023-01-16 21:00:00,51.0,327.0,135.0,330.0
2023-01-16 22:00:00,29.0,264.0,60.0,314.0
2023-01-16 23:00:00,16.0,208.0,49.0,263.0
2023-01-17 00:00:00,10.0,155.0,28.0,231.0
2023-01-17 01:00:00,21.0,131.0,18.0,228.0
2023-01-17 02:00:00,30.0,78.0,10.0,273.0
2023-01-17 03:00:00,36.0,82.0,10.0,284.0
2023-01-17 04:00:00,34.0,81.0,14.0,298.0
2023-01-17 05:00:00,53.0,135.0,26.0,336.0
2023-01-17 06:00:00,154.0,236.0,43.0,458.0
2023-01-17 07:00:00,265.0,387.0,193.0,507.0
2023-01-17 08:00:00,335.0,526.0,313.0,551.0
2023-01-17 09:00:00,253.0,584.0,380.0,541.0
2023-01-17 10:00:00,136.0,577.0,346.0,552.0
2023-01-17 11:00:00,142.0,597.0,343.0,567.0
2023-01-17 12:00:00,142.0,595.0,355.0,580.0
2023-01-17 13:00:00,165.0,587.0,376.0,577.0
2023-01-17 14:00:00,153.0,595.0,366.0,569.0
2023-01-17 15:00:00,239.0,625.0,460.0,534.0
2023-01-17 16:00:00,288.0,665.0,473.0,588.0
2023-01-17 17:00:00,292.0,678.0,523.0,522.0
2023-01-17 18:00:00,295.0,559.0,403.0,533.0
2023-01-17 19:00:00,182.0,475.0,268.0,483.0
2023-01-17 20:00:00,94.0,374.0,179.0,407.0
2023-01-17 21:00:00,69.0,299.0,98.0,348.0
2023-01-17 22:00:00,37.0,239.0,74.0,320.0
2023-01-17 23:00:00,21.0,251.0,57.0,275.0
2023-01-18 00:00:00,14.0,137.0,24.0,253.0
2023-01-18 01:00:00,11.0,78.0,8.0,254.0
2023-01-18 02:00:00,41.0,82.0,12.0,278.0
2023-01-18 03:00:00,140.0,65.0,10.0,185.0
2023-01-18 04:00:00,80.0,67.0,8.0,266.0
2023-01-18 05:00:00,106.0,107.0,11.0,398.0
2023-01-18 06:00:00,143.0,216.0,41.0,453.0
2023-01-18 07:00:00,318.0,354.0,123.0,568.0
2023-01-18 08:00:00,435.0,490.0,281.0,582.0
2023-01-18 09:00:00,355.0,573.0,338.0,586.0
2023-01-18 10:00:00,349.0,603.0,332.0,526.0
2023-01-18 11:00:00,245.0,537.0,272.0,554.0
2023-01-18 12:00:00,211.0,562.0,317.0,536.0
2023-01-18 13:00:00,259.0,617.0,374.0,570.0
2023-01-18 14:00:00,297.0,666.0,377.0,587.0
2023-01-18 15:00:00,307.0,627.0,497.0,570.0
2023-01-18 16:00:00,367.0,725.0,471.0,568.0
2023-01-18 17:00:00,259.0,716.0,498.0,507.0
2023-01-18 18:00:00,420.0,635.0,376.0,529.0
2023-01-18 19:00:00,310.0,458.0,228.0,534.0
2023-01-18 20:00:00,155.0,333.0,140.0,450.0
2023-01-18 21:00:00,111.0,246.0,71.0,405.0
2023-01-18 22:00:00,65.0,199.0,45.0,355.0
2023-01-18 23:00:00,43.0,154.0,26.0,304.0
2023-01-19 00:00:00,24.0,152.0,27.0,279.0
2023-01-19 01:00:00,20.0,92.0,9.0,272.0
2023-01-19 02:00:00,20.0,79.0,7.0,262.0
2023-01-19 03:00:00,34.0,68.0,4.0,259.0
2023-01-19 04:00:00,87.0,58.0,6.0,390.0
2023-01-19 05:00:00,122.0,99.0,10.0,451.0
2023-01-19 06:00:00,249.0,164.0,23.0,556.0
2023-01-19 07:00:00,353.0,338.0,115.0,624.0
2023-01-19 08:00:00,533.0,479.0,217.0,660.0
2023-01-19 09:00:00,485.0,614.0,384.0,639.0
2023-01-19 10:00:00,365.0,605.0,166.0,626.0
2023-01-19 11:00:00,253.0,600.0,287.0,568.0
2023-01-19 12:00:00,285.0,613.0,312.0,560.0
2023-01-19 13:00:00,356.0,637.0,353.0,590.0
2023-01-19 14:00:00,486.0,682.0,430.0,675.0
2023-01-19 15:00:00,392.0,716.0,422.0,573.0
2023-01-19 16:00:00,554.0,742.0,513.0,621.0
2023-01-19 17:00:00,509.0,765.0,488.0,588.0
2023-01-19 18:00:00,500.0,652.0,448.0,574.0
2023-01-19 19:00:00,435.0,510.0,263.0,544.0
2023-01-19 20:00:00,256.0,382.0,110.0,496.0
2023-01-19 21:00:00,297.0,273.0,53.0,465.0
2023-01-19 22:00:00,139.0,223.0,41.0,379.0
2023-01-19 23:00:00,124.0,164.0,31.0,358.0
2023-01-20 00:00:00,34.0,162.0,27.0,291.0
2023-01-20 01:00:00,27.0,128.0,17.0,295.0
2023-01-20 02:00:00,36.0,67.0,5.0,287.0
2023-01-20 03:00:00,54.0,65.0,6.0,344.0
2023-01-20 04:00:00,57.0,54.0,7.0,372.0
2023-01-20 05:00:00,159.75,134.0,37.25,442.5
2023-01-20 06:00:00,262.5,214.0,67.5,513.0
2023-01-20 07:00:00,365.25,294.0,97.75,583.5
2023-01-20 08:00:00,468.0,374.0,128.0,654.0
2023-01-20 09:00:00,407.0,472.0,191.5,627.5
2023-01-20 10:00:00,346.0,570.0,255.0,601.0
2023-01-20 11:00:00,395.0,620.0,313.0,602.0
2023-01-20 12:00:00,396.0,752.0,395.0,670.0
2023-01-20 13:00:00,460.0,804.0,455.0,614.0
2023-01-20 14:00:00,536.0,851.0,505.0,616.0
2023-01-20 15:00:00,476.0,862.0,503.0,585.0
2023-01-20 16:00:00,550.0,875.0,554.0,571.0
2023-01-20 17:00:00,542.0,743.0,444.6666666666667,568.3333333333334
2023-01-20 18:00:00,534.0,611.0,335.33333333333337,565.6666666666666
2023-01-20 19:00:00,526.0,479.0,226.0,563.0
2023-01-20 20:00:00,285.0,385.0,155.0,502.0
2023-01-20 21:00:00,223.0,268.0,77.0,451.0
2023-01-20 22:00:00,162.0,226.0,49.0,403.0
2023-01-20 23:00:00,99.0,177.0,28.0,365.0
2023-01-21 00:00:00,59.0,111.0,13.0,345.0
2023-01-21 01:00:00,39.0,89.0,6.0,306.0
2023-01-21 02:00:00,45.0,81.0,9.0,320.0
2023-01-21 03:00:00,66.0,50.0,7.0,347.0
2023-01-21 04:00:00,35.0,41.0,3.0,349.0
2023-01-21 05:00:00,64.0,67.0,7.0,372.0
2023-01-21 06:00:00,81.0,79.0,7.0,411.0
2023-01-21 07:00:00,59.0,162.0,17.0,436.0
2023-01-21 08:00:00,115.0,267.0,68.0,483.0
2023-01-21 09:00:00,164.0,429.0,136.0,484.0
2023-01-21 10:00:00,303.0,551.0,202.0,513.0
2023-01-21 11:00:00,268.0,641.0,310.0,605.0
2023-01-21 12:00:00,258.0,635.0,293.0,580.0
2023-01-21 13:00:00,226.0,603.0,305.0,539.0
2023-01-21 14:00:00,185.0,593.0,239.0,531.0
2023-01-21 15:00:00,184.0,583.0,219.0,518.0
2023-01-21 16:00:00,151.0,538.0,232.0,485.0
2023-01-21 17:00:00,113.0,554.0,235.0,451.0
2023-01-21 18:00:00,106.0,498.0,180.0,445.0
2023-01-21 19:00:00,81.0,391.0,100.0,395.0
2023-01-21 20:00:00,45.0,382.0,58.0,352.0
2023-01-21 21:00:00,63.0,277.0,21.0,307.0
2023-01-21 22:00:00,13.0,206.0,13.0,260.0
2023-01-21 23:00:00,10.0,155.0,8.0,252.0
2023-01-22 00:00:00,5.0,133.0,12.0,209.0
2023-01-22 01:00:00,21.0,96.0,2.0,146.0
2023-01-22 02:00:00,2.0,64.0,3.0,142.0
2023-01-22 03:00:00,10.0,47.0,4.0,148.0
2023-01-22 04:00:00,3.0,50.0,3.0,105.0
2023-01-22 05:00:00,1.0,32.0,3.0,100.0
2023-01-22 06:00:00,1.0,37.0,3.0,82.0
2023-01-22 07:00:00,1.0,51.0,4.0,111.0
2023-01-22 08:00:00,0.0,74.0,5.0,116.0
2023-01-22 09:00:00,5.0,131.0,16.0,263.0
2023-01-22 10:00:00,9.0,273.0,49.0,355.0
2023-01-22 11:00:00,12.0,545.0,173.0,433.0
2023-01-22 12:00:00,16.0,783.0,349.0,462.0
2023-01-22 13:00:00,58.0,769.0,318.0,635.0
2023-01-22 14:00:00,77.0,803.0,423.0,644.0
2023-01-22 15:00:00,114.0,844.0,473.0,577.0
2023-01-22 16:00:00,149.0,770.0,387.0,692.0
2023-01-22 17:00:00,164.0,769.0,366.0,604.0
2023-01-22 18:00:00,155.0,753.0,350.0,583.0
2023-01-22 19:00:00,108.0,686.0,289.0,557.0
2023-01-22 20:00:00,51.0,565.0,201.0,481.0
2023-01-22 21:00:00,41.0,427.0,130.0,406.0
2023-01-22 22:00:00,29.0,313.0,67.0,357.0
2023-01-22 23:00:00,16.0,337.0,104.0,246.0
2023-01-23 00:00:00,10.0,297.0,101.0,175.0
2023-01-23 01:00:00,7.0,252.0,71.0,170.0
2023-01-23 02:00:00,8.0,185.0,49.0,150.0
2023-01-23 03:00:00,4.0,143.0,27.0,156.0
2023-01-23 04:00:00,5.0,195.0,38.0,177.0
2023-01-23 05:00:00,30.0,258.0,61.0,270.0
2023-01-23 06:00:00,84.0,341.0,127.0,366.0
2023-01-23 07:00:00,228.0,517.0,310.0,471.0
2023-01-23 08:00:00,172.0,644.0,414.0,512.0
2023-01-23 09:00:00,185.0,610.0,436.0,522.0
2023-01-23 10:00:00,119.0,637.0,455.0,543.0
2023-01-23 11:00:00,108.0,628.0,435.0,538.0
2023-01-23 12:00:00,102.0,671.0,463.0,543.0
2023-01-23 13:00:00,123.0,690.0,469.0,542.0
2023-01-23 14:00:00,137.0,666.0,498.0,506.0
2023-01-23 15:00:00,135.0,676.0,493.0,481.0
2023-01-23 16:00:00,134.0,701.0,620.0,493.0
2023-01-23 17:00:00,179.0,713.0,599.0,505.0
2023-01-23 18:00:00,190.0,613.0,491.0,457.0
2023-01-23 19:00:00,94.0,497.0,357.0,422.0
2023-01-23 20:00:00,77.0,436.0,230.0,350.0
2023-01-23 21:00:00,30.0,347.0,130.0,341.0
2023-01-23 22:00:00,19.0,236.0,67.0,304.0
2023-01-23 23:00:00,33.0,258.0,55.0,245.0
2023-01-24 00:00:00,26.0,188.0,33.0,226.0
2023-01-24 01:00:00,15.0,144.0,31.0,224.0
2023-01-24 02:00:00,26.0,77.0,4.0,261.0
2023-01-24 03:00:00,33.0,81.0,13.0,309.0
2023-01-24 04:00:00,33.0,60.0,6.0,283.0
2023-01-24 05:00:00,59.0,133.0,21.0,356.0
2023-01-24 06:00:00,130.0,258.0,66.0,430.0
2023-01-24 07:00:00,266.0,385.0,167.0,497.0
2023-01-24 08:00:00,322.0,555.0,360.0,564.0
2023-01-24 09:00:00,309.0,596.0,368.0,591.0
2023-01-24 10:00:00,292.0,571.0,322.0,523.0
2023-01-24 11:00:00,258.0,563.0,367.0,522.0
2023-01-24 12:00:00,196.0,595.0,362.0,507.0
2023-01-24 13:00:00,219.0,572.0,348.0,513.0
2023-01-24 14:00:00,218.0,624.0,442.0,522.0
2023-01-24 15:00:00,243.0,645.0,452.0,515.0
2023-01-24 16:00:00,254.0,718.0,549.0,529.0
2023-01-24 17:00:00,308.0,736.0,564.0,546.0
2023-01-24 18:00:00,302.0,621.0,447.0,523.0
2023-01-24 19:00:00,283.0,458.0,251.0,454.0
2023-01-24 20:00:00,128.0,387.0,172.0,437.0
2023-01-24 21:00:00,96.0,294.0,96.0,353.0
2023-01-24 22:00:00,34.0,245.0,85.0,323.0
2023-01-24 23:00:00,25.0,197.0,40.0,277.0
2023-01-25 00:00:00,25.0,209.0,64.0,243.0
2023-01-25 01:00:00,23.0,119.0,21.0,253.0
2023-01-25 02:00:00,27.0,86.0,6.0,277.0
2023-01-25 03:00:00,41.0,68.0,11.0,319.0
2023-01-25 04:00:00,45.0,72.0,8.0,305.0
2023-01-25 05:00:00,57.0,92.0,12.0,381.0
2023-01-25 06:00:00,133.0,197.0,48.0,452.0
2023-01-25 07:00:00,309.0,379.0,158.0,564.0
2023-01-25 08:00:00,373.0,528.0,293.0,621.0
2023-01-25 09:00:00,376.0,733.0,553.0,614.0
2023-01-25 10:00:00,318.0,714.0,500.0,592.0
2023-01-25 11:00:00,266.0,726.0,562.0,541.0
2023-01-25 12:00:00,263.0,281.0,392.0,582.0
2023-01-25 13:00:00,320.0,250.0,366.0,616.0
2023-01-25 14:00:00,361.0,526.5,499.0,607.5
2023-01-25 15:00:00,402.0,803.0,632.0,599.0
2023-01-25 16:00:00,393.0,747.0,514.0,589.0
2023-01-25 17:00:00,412.0,713.0,485.0,557.0
2023-01-25 18:00:00,404.0,606.0,401.0,575.0
2023-01-25 19:00:00,251.0,463.0,235.0,545.0
2023-01-25 20:00:00,167.0,344.0,153.0,508.0
2023-01-25 21:00:00,117.0,268.0,87.0,402.0
2023-01-25 22:00:00,49.0,200.0,43.0,334.0
2023-01-25 23:00:00,41.0,193.0,42.0,302.0
2023-01-26 00:00:00,21.0,110.0,16.0,279.0
2023-01-26 01:00:00,23.0,94.0,5.0,255.0
2023-01-26 02:00:00,27.0,66.0,5.0,282.0
2023-01-26 03:00:00,67.0,67.0,2.0,315.0
2023-01-26 04:00:00,50.0,70.0,5.0,354.0
2023-01-26 05:00:00,99.0,110.0,18.0,418.0
2023-01-26 06:00:00,200.0,173.0,26.0,517.0
2023-01-26 07:00:00,381.0,336.0,119.0,621.0
2023-01-26 08:00:00,446.0,465.0,238.0,630.0
2023-01-26 09:00:00,390.0,575.0,273.0,589.0
2023-01-26 10:00:00,386.0,567.0,316.0,584.0
2023-01-26 11:00:00,338.0,589.3333333333334,313.0,640.3333333333334
2023-01-26 12:00:00,290.0,611.6666666666666,310.0,696.6666666666666
2023-01-26 13:00:00,242.0,634.0,307.0,753.0
2023-01-26 14:00:00,395.0,654.0,355.0,701.0
2023-01-26 15:00:00,528.0,706.0,496.0,634.0
2023-01-26 16:00:00,468.0,735.0,459.0,589.0
2023-01-26 17:00:00,472.0,751.0,475.0,562.0
2023-01-26 18:00:00,451.5,626.5,362.0,571.5
2023-01-26 19:00:00,431.0,502.0,249.0,581.0
2023-01-26 20:00:00,379.0,330.0,127.0,510.0
2023-01-26 21:00:00,233.0,270.0,81.0,468.0
2023-01-26 22:00:00,111.0,210.0,39.0,405.0
2023-01-26 23:00:00,76.0,96.0,15.0,368.0
2023-01-27 00:00:00,42.0,155.0,27.0,297.0
2023-01-27 01:00:00,37.0,82.0,6.0,300.0
2023-01-27 02:00:00,44.0,66.0,6.0,299.0
2023-01-27 03:00:00,58.0,62.0,3.0,356.0
2023-01-27 04:00:00,59.0,63.0,10.0,379.0
2023-01-27 05:00:00,142.0,78.0,14.0,474.0
2023-01-27 06:00:00,259.0,148.0,16.0,564.0
2023-01-27 07:00:00,334.0,258.0,78.0,634.0
2023-01-27 08:00:00,396.0,377.0,133.0,651.0
2023-01-27 09:00:00,317.0,488.0,182.0,603.0
2023-01-27 10:00:00,312.0,580.0,255.0,544.0
2023-01-27 11:00:00,340.0,666.0,320.0,541.0
2023-01-27 12:00:00,438.0,758.0,418.0,615.0
2023-01-27 13:00:00,449.875,718.625,388.5,607.125
2023-01-27 14:00:00,461.75,679.25,359.0,599.25
2023-01-27 15:00:00,473.625,639.875,329.5,591.375
2023-01-27 16:00:00,485.5,600.5,300.0,583.5
2023-01-27 17:00:00,497.375,561.125,270.5,575.625
2023-01-27 18:00:00,509.25,521.75,241.0,567.75
2023-01-27 19:00:00,521.125,482.375,211.5,559.875
2023-01-27 20:00:00,533.0,443.0,182.0,552.0
2023-01-27 21:00:00,289.0,296.0,85.0,508.0
2023-01-27 22:00:00,204.0,211.0,50.0,436.0
2023-01-27 23:00:00,149.0,181.0,29.0,417.0
2023-01-28 00:00:00,75.0,136.0,39.0,364.0
2023-01-28 01:00:00,56.0,97.0,13.0,348.0
2023-01-28 02:00:00,55.0,80.0,10.0,318.0
2023-01-28 03:00:00,65.0,57.0,7.0,354.0
2023-01-28 04:00:00,65.0,44.0,5.0,378.0
2023-01-28 05:00:00,98.0,65.0,3.0,386.0
2023-01-28 06:00:00,96.0,104.0,7.0,406.0
2023-01-28 07:00:00,115.0,178.0,31.0,443.0
2023-01-28 08:00:00,177.0,288.0,66.0,489.0
2023-01-28 09:00:00,204.0,461.0,135.0,508.0
2023-01-28 10:00:00,424.0,604.0,255.0,551.0
2023-01-28 11:00:00,371.0,710.0,401.0,563.0
2023-01-28 12:00:00,422.0,816.0,464.0,576.0
2023-01-28 13:00:00,282.0,712.0,345.0,578.0
2023-01-28 14:00:00,281.0,697.0,337.0,593.0
2023-01-28 15:00:00,201.0,653.0,276.0,561.0
2023-01-28 16:00:00,123.0,587.0,245.0,505.0
2023-01-28 17:00:00,99.0,547.0,204.0,489.0
2023-01-28 18:00:00,138.0,557.0,249.0,445.0
2023-01-28 19:00:00,88.0,446.0,153.0,446.0
2023-01-28 20:00:00,53.0,402.0,142.0,384.0
2023-01-28 21:00:00,24.0,280.0,79.0,340.0
2023-01-28 22:00:00,17.0,235.0,54.0,290.0
2023-01-28 23:00:00,11.0,158.0,22.0,251.0
2023-01-29 00:00:00,5.0,139.0,21.0,216.0
2023-01-29 01:00:00,4.0,87.0,8.0,175.0
2023-01-29 02:00:00,2.0,62.0,3.0,145.0
2023-01-29 03:00:00,1.0,49.0,3.0,114.0
2023-01-29 04:00:00,1.0,49.0,2.0,106.0
2023-01-29 05:00:00,0.0,29.0,1.0,95.0
2023-01-29 06:00:00,2.0,42.0,1.0,121.0
2023-01-29 07:00:00,0.0,58.0,3.0,116.0
2023-01-29 08:00:00,2.0,100.0,6.0,186.0
2023-01-29 09:00:00,4.0,169.0,19.0,294.0
2023-01-29 10:00:00,14.0,390.0,79.0,418.0
2023-01-29 11:00:00,31.0,657.0,263.0,513.0
2023-01-29 12:00:00,50.0,916.0,464.0,624.0
2023-01-29 13:00:00,69.0,974.0,455.0,663.0
2023-01-29 14:00:00,85.0,926.0,486.0,694.0
2023-01-29 15:00:00,116.0,961.0,500.0,701.0
2023-01-29 16:00:00,112.0,887.0,408.0,689.0
2023-01-29 17:00:00,138.0,869.0,405.0,696.0
2023-01-29 18:00:00,149.0,810.0,396.0,640.0
2023-01-29 19:00:00,111.0,725.0,337.0,568.0
2023-01-29 20:00:00,48.0,612.0,242.0,535.0
2023-01-29 21:00:00,31.0,453.0,150.0,469.0
2023-01-29 22:00:00,21.0,364.0,94.0,352.0
2023-01-29 23:00:00,13.0,345.0,138.0,244.0
2023-01-30 00:00:00,10.0,351.0,141.0,188.0
2023-01-30 01:00:00,6.0,281.0,93.0,150.0
2023-01-30 02:00:00,5.0,186.0,56.0,166.0
2023-01-30 03:00:00,8.0,166.0,31.0,153.0
2023-01-30 04:00:00,14.0,174.0,40.0,196.0
2023-01-30 05:00:00,25.0,231.0,69.0,282.0
2023-01-30 06:00:00,67.0,322.0,125.0,365.0
2023-01-30 07:00:00,172.0,506.0,266.0,456.0
2023-01-30 08:00:00,194.0,591.0,343.0,478.0
2023-01-30 09:00:00,112.0,665.0,352.0,502.0
2023-01-30 10:00:00,105.0,643.0,421.0,480.0
2023-01-30 11:00:00,126.0,751.0,619.0,500.0
2023-01-30 12:00:00,118.0,816.0,633.0,503.0
2023-01-30 13:00:00,117.0,793.0,640.0,496.0
2023-01-30 14:00:00,149.0,733.0,532.0,510.0
2023-01-30 15:00:00,145.0,737.0,569.0,500.0
2023-01-30 16:00:00,151.0,729.0,572.0,497.0
2023-01-30 17:00:00,190.0,755.0,606.0,477.0
2023-01-30 18:00:00,197.0,690.0,434.0,448.0
2023-01-30 19:00:00,100.0,562.0,341.0,422.0
2023-01-30 20:00:00,83.0,455.0,243.0,365.0
2023-01-30 21:00:00,49.0,407.0,200.0,351.0
2023-01-30 22:00:00,41.0,311.0,113.0,297.0
2023-01-30 23:00:00,12.0,244.0,52.0,279.0
2023-01-31 00:00:00,17.0,152.0,40.0,242.0
2023-01-31 01:00:00,20.0,111.0,18.0,235.0
2023-01-31 02:00:00,27.0,80.0,7.0,271.0
2023-01-31 03:00:00,32.0,65.0,6.0,294.0
2023-01-31 04:00:00,37.0,92.0,7.0,313.0
2023-01-31 05:00:00,51.0,125.0,24.0,358.0
2023-01-31 06:00:00,105.0,234.0,64.0,423.0
2023-01-31 07:00:00,257.0,380.0,169.0,537.0
2023-01-31 08:00:00,331.0,523.0,280.0,557.0
2023-01-31 09:00:00,267.0,571.0,377.0,510.0
2023-01-31 10:00:00,232.0,588.0,383.0,525.0
2023-01-31 11:00:00,201.0,689.0,477.0,484.0
2023-01-31 12:00:00,189.0,725.0,552.0,517.0
2023-01-31 13:00:00,190.0,748.0,532.0,506.0
2023-01-31 14:00:00,239.0,704.0,484.0,528.0
2023-01-31 15:00:00,289.0,781.0,491.0,547.0
2023-01-31 16:00:00,282.0,714.0,554.0,554.0
2023-01-31 17:00:00,297.0,611.0,417.0,505.0
2023-01-31 18:00:00,362.0,771.0,591.0,504.0
2023-01-31 19:00:00,217.0,509.0,277.0,502.0
2023-01-31 20:00:00,155.0,376.0,160.0,435.0
2023-01-31 21:00:00,76.0,333.0,110.0,361.0
2023-01-31 22:00:00,50.0,239.0,63.0,331.0
2023-01-31 23:00:00,51.0,225.0,57.0,310.0
